Tempo(s),Pkt_env,Pkt_Rcv,Pkt_PDR,Exp_Pkt_Rcv,Exp_Pkts_Range_Recv,BSM_PDR1,BSM_PDR2,BSM_PDR3,BSM_PDR4,BSM_PDR5,BSM_PDR6,BSM_PDR7,BSM_PDR8,BSM_PDR9,BSM_PDR10
1,0,0,0,0,0,0,0,0,0,0,0,0,0,0,0
2,1547,12639,8.17001,270,222,0.822222,0.802387,0.78841,0.760169,0.735156,0.712774,0.690712,0.66946,0.646758,0.619855
3,3094,24982,8.07434,540,439,0.812963,0.803714,0.785714,0.761512,0.735417,0.712382,0.690944,0.670023,0.647332,0.619855
4,4641,37884,8.1629,810,663,0.818519,0.804156,0.783468,0.763239,0.738715,0.716693,0.694788,0.674462,0.652144,0.626509
5,6188,50374,8.14059,1080,889,0.823148,0.811008,0.789252,0.764006,0.738542,0.715615,0.693498,0.67218,0.648609,0.623167
6,7735,63247,8.17673,1350,1124,0.832593,0.814058,0.794744,0.768611,0.741823,0.718926,0.696471,0.674437,0.650886,0.625632
7,9282,75752,8.16117,1620,1368,0.844444,0.816092,0.793688,0.768803,0.742882,0.719077,0.696259,0.673149,0.649451,0.624463
8,10829,88139,8.13916,1890,1588,0.840212,0.814324,0.792453,0.767405,0.739881,0.716693,0.69414,0.671211,0.647369,0.62277
9,12376,100644,8.13219,2160,1815,0.840278,0.812334,0.791442,0.766836,0.73877,0.715493,0.692608,0.6696,0.646211,0.621666
10,13923,112943,8.11197,2430,2048,0.842798,0.814471,0.792677,0.766692,0.739265,0.715169,0.692415,0.66921,0.645728,0.621043
11,15470,125639,8.12146,2700,2279,0.844074,0.817241,0.792722,0.767153,0.739557,0.71587,0.692523,0.669135,0.645695,0.62148
12,17017,138317,8.12817,2970,2517,0.847475,0.81782,0.792943,0.766169,0.738826,0.715909,0.692387,0.669289,0.645763,0.621694
13,18564,150979,8.13289,3240,2745,0.847222,0.817529,0.791947,0.765669,0.738346,0.715207,0.691731,0.669032,0.645846,0.621923
14,20111,163678,8.13873,3510,2974,0.847293,0.816772,0.791831,0.766456,0.739884,0.716497,0.693153,0.669902,0.646734,0.622661
15,21658,176155,8.13348,3780,3197,0.845767,0.814892,0.790191,0.765185,0.738709,0.715111,0.692227,0.668995,0.646111,0.621893
16,23205,188703,8.132,4050,3426,0.845926,0.81618,0.790476,0.765695,0.739097,0.715596,0.692539,0.669168,0.64623,0.62194
17,24752,201278,8.13179,4320,3655,0.846065,0.814406,0.790431,0.766356,0.739811,0.716766,0.693508,0.669944,0.646765,0.622295
18,26299,213962,8.13575,4590,3883,0.845969,0.81487,0.791264,0.766986,0.740165,0.716946,0.693799,0.67046,0.647102,0.622531
19,27846,226675,8.14031,4860,4117,0.847119,0.814324,0.791629,0.766586,0.739829,0.716377,0.693602,0.670391,0.647181,0.622441
20,29393,239478,8.14745,5130,4356,0.849123,0.814812,0.79263,0.767904,0.740981,0.71759,0.69459,0.671283,0.64819,0.623328
21,30940,252116,8.14855,5400,4587,0.849444,0.81492,0.791813,0.767153,0.740443,0.716987,0.69387,0.670698,0.647644,0.623008
22,32487,265079,8.15954,5670,4815,0.849206,0.814008,0.790688,0.766802,0.740476,0.717393,0.694471,0.671348,0.648193,0.62351
23,34034,277558,8.15532,5940,5045,0.849327,0.814806,0.791228,0.766553,0.740518,0.717503,0.694484,0.671171,0.647938,0.623304
24,35581,289977,8.14977,6210,5276,0.849597,0.81565,0.791193,0.766676,0.740727,0.717332,0.694481,0.671009,0.647547,0.622981
25,37128,302033,8.13491,6480,5497,0.848302,0.815263,0.790544,0.765685,0.739746,0.716464,0.69366,0.670049,0.646611,0.622122
26,38675,314472,8.13114,6750,5714,0.846519,0.813899,0.79,0.765357,0.739563,0.71605,0.693238,0.66968,0.646083,0.621643
27,40222,327130,8.13311,7020,5955,0.848291,0.814732,0.790483,0.765777,0.739994,0.716535,0.693606,0.670061,0.64655,0.622138
28,41769,339745,8.1339,7290,6192,0.849383,0.814962,0.79113,0.766593,0.740963,0.71744,0.694232,0.670576,0.64689,0.622426
29,43316,352418,8.13598,7560,6421,0.849339,0.81565,0.79149,0.766651,0.741202,0.717609,0.694438,0.670603,0.647067,0.622435
30,44863,364994,8.13575,7830,6648,0.849042,0.815421,0.791059,0.7666,0.741245,0.717835,0.694577,0.670866,0.647326,0.622767
31,46410,377737,8.13913,8100,6881,0.849506,0.816136,0.791869,0.767102,0.741797,0.718397,0.694964,0.671244,0.647551,0.623008
32,47957,390416,8.14096,8370,7110,0.849462,0.816206,0.791192,0.766469,0.741482,0.718146,0.694702,0.671267,0.64772,0.623229
33,49504,402974,8.14023,8640,7347,0.850347,0.817018,0.792074,0.766968,0.741846,0.718523,0.695095,0.671551,0.647967,0.623374
34,51051,415587,8.14062,8910,7577,0.850393,0.816494,0.791514,0.76682,0.74188,0.718682,0.695201,0.67173,0.648022,0.623479
35,52598,428198,8.14096,9180,7804,0.850109,0.816976,0.791739,0.767155,0.742295,0.719182,0.695575,0.671876,0.648129,0.623599
36,54145,440810,8.14129,9450,8039,0.850688,0.817545,0.791625,0.767153,0.742426,0.719257,0.695405,0.671725,0.648075,0.623565
37,55692,453634,8.14541,9720,8268,0.850617,0.817823,0.791517,0.76731,0.742773,0.719577,0.695713,0.672062,0.648374,0.623778
38,57239,466118,8.14336,9990,8506,0.851451,0.818589,0.791651,0.767315,0.742807,0.719558,0.69572,0.672086,0.648251,0.623696
39,58786,478885,8.14624,10260,8726,0.850487,0.818931,0.79201,0.767561,0.743154,0.720008,0.696044,0.672399,0.648541,0.624006
40,60333,491372,8.14433,10530,8954,0.850332,0.818846,0.792021,0.767224,0.742935,0.719833,0.695904,0.672278,0.648493,0.623947
41,61880,503908,8.14331,10800,9191,0.851019,0.819529,0.792318,0.76722,0.74306,0.719896,0.695983,0.672283,0.64845,0.623916
42,63427,516329,8.14052,11070,9429,0.851762,0.819823,0.792305,0.767029,0.742505,0.719436,0.695496,0.671793,0.648042,0.623606
43,64974,528988,8.14153,11340,9670,0.852734,0.820229,0.792661,0.767195,0.742597,0.719557,0.695655,0.671854,0.648059,0.623634
44,66521,541555,8.14111,11610,9893,0.85211,0.820184,0.7925,0.767049,0.74263,0.719632,0.695633,0.671682,0.647992,0.623591
45,68068,554397,8.14475,11880,10126,0.852357,0.820231,0.792529,0.767372,0.743022,0.720041,0.695979,0.671998,0.648277,0.623944
46,69615,566991,8.14467,12150,10353,0.852099,0.8201,0.792183,0.767264,0.743056,0.720015,0.695865,0.671908,0.648285,0.623965
47,71162,579664,8.1457,12420,10578,0.851691,0.819542,0.79216,0.767326,0.743093,0.720079,0.695938,0.67195,0.648338,0.624001
48,72709,591934,8.14114,12690,10789,0.850197,0.818613,0.791636,0.766635,0.742598,0.719715,0.695636,0.671644,0.648038,0.62374
49,74256,604395,8.13934,12960,11029,0.851003,0.818551,0.791849,0.766676,0.74247,0.719607,0.695556,0.671479,0.647914,0.623552
50,75803,617224,8.14247,13230,11262,0.851247,0.818763,0.79182,0.766716,0.742591,0.719792,0.695681,0.67157,0.64803,0.62372
51,77350,629838,8.1427,13500,11498,0.851704,0.81878,0.792102,0.766815,0.742646,0.719863,0.695771,0.671541,0.648003,0.623759
52,78897,642406,8.14234,13770,11727,0.851634,0.818614,0.792215,0.767084,0.742688,0.719793,0.695751,0.671618,0.648066,0.623783
53,80444,655290,8.14592,14040,11966,0.852279,0.81917,0.792453,0.767408,0.742959,0.720125,0.696047,0.671939,0.648352,0.624027
54,81991,667950,8.14663,14310,12201,0.852621,0.819278,0.79272,0.767424,0.742905,0.720035,0.695984,0.671883,0.6483,0.62404
55,83538,680681,8.14816,14580,12430,0.852538,0.819236,0.792802,0.767261,0.742689,0.719994,0.695981,0.671866,0.648316,0.62407
56,85085,693341,8.1488,14850,12642,0.851313,0.818592,0.792526,0.767069,0.742614,0.719835,0.695792,0.671693,0.648195,0.623937
57,86632,705660,8.14549,15120,12875,0.851521,0.818373,0.7922,0.766918,0.742462,0.719674,0.695574,0.671481,0.647996,0.623708
58,88179,718204,8.14484,15390,13119,0.852437,0.818768,0.792559,0.766901,0.742411,0.719463,0.695364,0.67134,0.647876,0.623593
59,89726,730699,8.14367,15660,13343,0.852043,0.818645,0.792348,0.766772,0.742255,0.719226,0.695172,0.671206,0.647711,0.623508
60,91273,743398,8.14477,15930,13580,0.85248,0.818707,0.792407,0.766504,0.742139,0.71916,0.69506,0.671096,0.647628,0.623461
61,92820,755786,8.14249,16200,13809,0.852407,0.818413,0.792341,0.766245,0.741953,0.71905,0.694912,0.670875,0.647474,0.623295
62,94367,768573,8.14451,16470,14044,0.852702,0.818324,0.792376,0.766459,0.742132,0.719195,0.695125,0.671114,0.647731,0.623536
63,95914,780980,8.1425,16740,14262,0.851971,0.817832,0.79204,0.766191,0.741914,0.719034,0.694982,0.670973,0.647649,0.623464
64,97461,793547,8.1422,17010,14481,0.851323,0.817608,0.792004,0.766229,0.742047,0.719168,0.69514,0.671171,0.647849,0.623622
65,99008,805851,8.13925,17280,14709,0.851215,0.816686,0.791495,0.765925,0.74187,0.718903,0.694947,0.67099,0.647644,0.623414
66,100555,818416,8.13899,17550,14934,0.85094,0.816527,0.791292,0.765706,0.741783,0.718827,0.694854,0.670882,0.647533,0.623324
67,102102,831199,8.14087,17820,15163,0.850898,0.816956,0.791309,0.765872,0.74197,0.71908,0.695014,0.670983,0.647649,0.623395
68,103649,843826,8.14119,18090,15403,0.851465,0.817273,0.791357,0.765913,0.741993,0.719041,0.694993,0.670936,0.647594,0.62335
69,105196,856638,8.14326,18360,15635,0.85158,0.817405,0.791333,0.7661,0.742165,0.719197,0.695097,0.671124,0.647801,0.623498
70,106743,869379,8.1446,18630,15864,0.85153,0.817053,0.791213,0.766147,0.742188,0.719197,0.695103,0.671158,0.647849,0.623589
71,108290,882152,8.1462,18900,16100,0.851852,0.817393,0.791336,0.766314,0.742385,0.719273,0.695175,0.671236,0.647956,0.623719
72,109837,894962,8.14809,19170,16332,0.851956,0.817219,0.791153,0.766357,0.742441,0.719394,0.695345,0.671366,0.648063,0.623814
73,111384,907568,8.1481,19440,16557,0.851698,0.817123,0.791124,0.766532,0.742593,0.719526,0.695479,0.671509,0.648186,0.623918
74,112931,920358,8.14974,19710,16798,0.852258,0.817049,0.790976,0.766592,0.742701,0.719613,0.695615,0.671627,0.648293,0.623981
75,114478,933214,8.15191,19980,17026,0.852152,0.816761,0.791069,0.766837,0.742927,0.719838,0.695716,0.671686,0.648361,0.624065
76,116025,945955,8.15303,20250,17269,0.85279,0.817118,0.791195,0.767086,0.742993,0.719995,0.695868,0.671833,0.648511,0.624214
77,117572,958588,8.1532,20520,17499,0.852778,0.816976,0.791043,0.767096,0.743037,0.719951,0.695843,0.671775,0.648469,0.624227
78,119119,971111,8.15244,20790,17724,0.852525,0.817028,0.791228,0.767245,0.743233,0.720202,0.696028,0.671959,0.648616,0.624352
79,120666,983506,8.15065,21060,17948,0.852232,0.816874,0.791183,0.767204,0.743132,0.720169,0.695989,0.671908,0.648532,0.62428
80,122213,996259,8.15183,21330,18176,0.852133,0.816875,0.791156,0.767207,0.743167,0.720177,0.696003,0.671931,0.648562,0.62435
81,123760,1009129,8.15392,21600,18413,0.852454,0.817308,0.791526,0.767383,0.743255,0.720273,0.69606,0.672016,0.64865,0.624446
82,125307,1021616,8.1529,21870,18639,0.852263,0.817189,0.791479,0.767265,0.743216,0.720181,0.695947,0.671989,0.648638,0.624434
83,126854,1034284,8.15334,22140,18876,0.852575,0.817283,0.791508,0.767165,0.743204,0.720219,0.695975,0.672046,0.648689,0.624465
84,128401,1047228,8.15592,22410,19113,0.852878,0.817487,0.791763,0.76758,0.743584,0.720618,0.696337,0.67235,0.649028,0.624762
85,129948,1059471,8.15304,22680,19348,0.853086,0.81756,0.791723,0.767592,0.743561,0.720558,0.69627,0.672245,0.648899,0.624608
86,131495,1072206,8.15397,22950,19574,0.852898,0.817553,0.791763,0.767726,0.743621,0.72066,0.696423,0.672339,0.648975,0.624664
87,133042,1084711,8.15315,23220,19810,0.853144,0.817747,0.791708,0.767652,0.743544,0.720563,0.696364,0.672268,0.648922,0.624593
88,134589,1097236,8.15249,23490,20039,0.853086,0.81786,0.791709,0.767566,0.743439,0.720391,0.696194,0.672161,0.648824,0.624527
89,136136,1109985,8.1535,23760,20263,0.85282,0.817971,0.791794,0.767656,0.743445,0.720375,0.696211,0.672194,0.648858,0.624569
90,137683,1122484,8.15267,24030,20497,0.852975,0.818049,0.791802,0.767589,0.743408,0.720323,0.696151,0.672103,0.648747,0.624448
91,139230,1134862,8.15099,24300,20728,0.853004,0.818037,0.791712,0.767464,0.743374,0.720302,0.696161,0.67209,0.648721,0.62443
92,140777,1147148,8.14869,24570,20950,0.852666,0.817865,0.791757,0.767384,0.743278,0.720187,0.696043,0.671958,0.648591,0.624284
93,142324,1159662,8.14804,24840,21175,0.852456,0.817711,0.791567,0.767239,0.743153,0.720098,0.69597,0.671871,0.648559,0.624219
94,143871,1172148,8.14722,25110,21397,0.852131,0.817703,0.79154,0.767406,0.743232,0.720146,0.696017,0.671847,0.648534,0.624221
95,145418,1184810,8.14762,25380,21627,0.852128,0.817667,0.791392,0.767243,0.743068,0.720049,0.695939,0.671788,0.648473,0.624187
96,146965,1197240,8.14643,25650,21853,0.851969,0.81766,0.791467,0.767209,0.742919,0.719856,0.695697,0.671549,0.648277,0.624042
97,148512,1210236,8.14908,25920,22082,0.851929,0.817722,0.791639,0.767272,0.743072,0.720019,0.695864,0.67167,0.648429,0.624185
98,150059,1222765,8.14856,26190,22309,0.851814,0.817619,0.791522,0.767119,0.742899,0.719916,0.695796,0.671604,0.648369,0.624133
99,151606,1235367,8.14854,26460,22530,0.851474,0.817585,0.791531,0.767154,0.742892,0.719934,0.695871,0.671638,0.64838,0.624151
100,153153,1247899,8.14805,26730,22758,0.851403,0.817418,0.791561,0.76713,0.742961,0.719982,0.695916,0.671657,0.648376,0.624165
101,154700,1260443,8.14766,27000,23000,0.851852,0.81756,0.791691,0.767237,0.74301,0.71999,0.695971,0.671697,0.648383,0.62419
102,156247,1273144,8.14828,27270,23225,0.851669,0.81758,0.791646,0.767319,0.743149,0.720179,0.696147,0.671866,0.648551,0.624312
103,157794,1285594,8.14729,27540,23461,0.851888,0.817535,0.791772,0.767298,0.743025,0.72005,0.69603,0.671748,0.648456,0.624219
104,159341,1298594,8.14978,27810,23692,0.851924,0.817568,0.791936,0.76749,0.743206,0.720225,0.696193,0.671912,0.648647,0.624392
105,160888,1310788,8.14721,28080,23910,0.851496,0.817231,0.791585,0.767209,0.742974,0.720033,0.695962,0.671783,0.64852,0.624255
106,162435,1323485,8.14778,28350,24146,0.851711,0.817494,0.791708,0.767262,0.743058,0.720104,0.696006,0.6718,0.648556,0.624266
107,163982,1336370,8.14949,28620,24391,0.852236,0.817664,0.791874,0.767351,0.743141,0.720192,0.696102,0.671933,0.648667,0.624359
108,165529,1348914,8.14911,28890,24636,0.852752,0.81772,0.791981,0.767492,0.743246,0.720298,0.696155,0.671974,0.648705,0.624364
109,167076,1361572,8.14942,29160,24862,0.852606,0.81775,0.792035,0.767538,0.743338,0.720368,0.696206,0.672068,0.648764,0.624429
110,168623,1374171,8.14937,29430,25092,0.852599,0.817718,0.791927,0.767477,0.743303,0.720331,0.696171,0.672038,0.648781,0.624433
111,170170,1386723,8.14905,29700,25322,0.852593,0.8177,0.791791,0.767407,0.743215,0.720284,0.696119,0.671991,0.648743,0.624389
112,171717,1399314,8.14895,29970,25553,0.852619,0.817741,0.791834,0.767484,0.743325,0.720309,0.696091,0.671956,0.648717,0.62437
113,173264,1411849,8.14854,30240,25781,0.852546,0.817663,0.791731,0.767439,0.743322,0.720305,0.696017,0.671882,0.648657,0.624284
114,174811,1424266,8.14746,30510,26019,0.852802,0.817809,0.791773,0.767412,0.743284,0.720259,0.696011,0.671844,0.64863,0.624226
115,176358,1436985,8.14811,30780,26243,0.852599,0.817604,0.791702,0.767352,0.743289,0.720273,0.696063,0.671948,0.648716,0.624286
116,177905,1449622,8.14829,31050,26472,0.85256,0.817599,0.791609,0.767283,0.743252,0.72019,0.695982,0.671878,0.648673,0.62431
117,179452,1461933,8.14665,31320,26706,0.852682,0.817616,0.791523,0.767162,0.743155,0.720059,0.695909,0.671808,0.648569,0.624191
118,180999,1474450,8.14618,31590,26942,0.852865,0.817758,0.791566,0.767158,0.743102,0.720089,0.6959,0.671774,0.64851,0.624135
119,182546,1486863,8.14514,31860,27175,0.85295,0.817785,0.791533,0.767167,0.743125,0.720107,0.69587,0.67172,0.648463,0.624089
120,184093,1499233,8.14389,32130,27400,0.852786,0.81779,0.791541,0.767134,0.743168,0.720091,0.695885,0.671717,0.648459,0.624064
121,185640,1511989,8.14474,32400,27635,0.852932,0.817993,0.791684,0.767309,0.74324,0.720215,0.695978,0.671809,0.648536,0.624124
122,187187,1524691,8.14528,32670,27857,0.852678,0.817886,0.791495,0.76725,0.743281,0.720223,0.695932,0.671798,0.648511,0.62412
123,188734,1537301,8.14533,32940,28087,0.852672,0.817748,0.791332,0.767085,0.743199,0.720186,0.695889,0.671779,0.648511,0.624119
124,190281,1549872,8.14517,33210,28305,0.852304,0.817806,0.791324,0.766986,0.7432,0.720184,0.695885,0.671776,0.648497,0.624089
125,191828,1562354,8.14456,33480,28527,0.852061,0.81765,0.791252,0.766797,0.743116,0.720019,0.695744,0.671626,0.648361,0.623976
126,193375,1574823,8.14388,33750,28750,0.851852,0.817581,0.791191,0.766711,0.743008,0.719951,0.695658,0.671545,0.648336,0.623953
127,194922,1587335,8.14344,34020,28984,0.851969,0.817566,0.791228,0.766738,0.742927,0.719852,0.695581,0.671483,0.648277,0.623883
128,196469,1600353,8.14558,34290,29203,0.851648,0.81753,0.791254,0.76675,0.742987,0.719948,0.695684,0.671592,0.648382,0.623993
129,198016,1612783,8.14471,34560,29434,0.851678,0.817681,0.791353,0.766764,0.742934,0.719907,0.695639,0.671551,0.648332,0.623944
130,199563,1625316,8.14438,34830,29654,0.851392,0.817686,0.791429,0.766805,0.742878,0.719878,0.695643,0.671526,0.648323,0.623947
131,201110,1638120,8.14539,35100,29890,0.851567,0.81768,0.79139,0.766775,0.742889,0.719909,0.695692,0.671567,0.648347,0.623962
132,202657,1650635,8.14497,35370,30106,0.851173,0.817584,0.791398,0.766733,0.742861,0.719846,0.695662,0.671551,0.648299,0.623911
133,204204,1663387,8.14571,35640,30335,0.85115,0.817619,0.791371,0.766788,0.742858,0.719906,0.695684,0.671536,0.648269,0.623917
134,205751,1675959,8.14557,35910,30566,0.851184,0.817864,0.791647,0.766981,0.742943,0.719954,0.695704,0.671548,0.64832,0.62395
135,207298,1688576,8.14565,36180,30801,0.851327,0.817877,0.791608,0.766918,0.742955,0.719965,0.695649,0.671517,0.648286,0.623913
136,208845,1701397,8.1467,36450,31019,0.851001,0.817703,0.791539,0.766908,0.742973,0.720035,0.695761,0.67162,0.648398,0.624017
137,210392,1713847,8.14597,36720,31245,0.850899,0.817425,0.791293,0.766802,0.742902,0.719964,0.695719,0.671552,0.648329,0.623952
138,211939,1726414,8.14581,36990,31466,0.850662,0.817286,0.791277,0.766779,0.7429,0.719971,0.695709,0.671521,0.648307,0.62395
139,213486,1739099,8.1462,37260,31696,0.850671,0.817428,0.79132,0.766812,0.742948,0.720048,0.695814,0.671605,0.648377,0.624001
140,215033,1751492,8.14522,37530,31918,0.850466,0.817434,0.791294,0.766861,0.742969,0.72005,0.695775,0.671559,0.64832,0.623949
141,216580,1764017,8.14487,37800,32142,0.850317,0.817336,0.791192,0.766777,0.742946,0.720079,0.695791,0.671532,0.648279,0.623921
142,218127,1776564,8.14463,38070,32371,0.850302,0.817277,0.791182,0.766679,0.742887,0.720018,0.695744,0.671501,0.648222,0.623875
143,219674,1789307,8.14528,38340,32600,0.850287,0.817424,0.79129,0.766698,0.742941,0.72007,0.695816,0.671614,0.648328,0.623958
144,221221,1801885,8.14518,38610,32829,0.850272,0.817338,0.791275,0.766663,0.742936,0.72007,0.695825,0.671619,0.648323,0.623942
145,222768,1814843,8.14678,38880,33066,0.850463,0.817427,0.79133,0.76678,0.743048,0.720192,0.695948,0.671735,0.648424,0.624033
146,224315,1827385,8.14651,39150,33301,0.8506,0.817589,0.791361,0.766732,0.743026,0.720164,0.695887,0.67166,0.648341,0.623953
147,225862,1840104,8.14703,39420,33538,0.850786,0.81783,0.791544,0.766916,0.743172,0.720287,0.695961,0.671737,0.648401,0.623992
148,227409,1852864,8.14772,39690,33763,0.850668,0.817815,0.791577,0.767032,0.74325,0.720358,0.696023,0.671794,0.648443,0.624046
149,228956,1865315,8.14705,39960,33995,0.850726,0.817801,0.791574,0.767019,0.743187,0.720312,0.696001,0.671766,0.648415,0.624022
150,230503,1878016,8.14747,40230,34229,0.850833,0.818,0.791729,0.767127,0.743247,0.720346,0.696014,0.671767,0.648411,0.624017
151,232050,1890765,8.14809,40500,34461,0.850889,0.818019,0.791649,0.767089,0.743231,0.720354,0.696003,0.671743,0.648404,0.624031
152,233597,1903787,8.14988,40770,34700,0.851116,0.818294,0.79181,0.767256,0.743374,0.720463,0.696111,0.67187,0.648523,0.62417
153,235144,1916182,8.14897,41040,34924,0.850975,0.818198,0.791837,0.76726,0.743378,0.720444,0.696091,0.671861,0.648508,0.624136
154,236691,1928641,8.14835,41310,35134,0.850496,0.818008,0.791682,0.767154,0.743333,0.72042,0.696092,0.671849,0.648492,0.624112
155,238238,1941213,8.14821,41580,35376,0.850794,0.818147,0.79181,0.767131,0.743302,0.72041,0.696097,0.671853,0.648495,0.624096
156,239785,1953539,8.14704,41850,35601,0.850681,0.817977,0.79157,0.766957,0.743108,0.720247,0.695957,0.671704,0.648366,0.62398
157,241332,1966244,8.14746,42120,35825,0.850546,0.817988,0.791589,0.766923,0.743076,0.720172,0.695871,0.671642,0.648336,0.623961
158,242879,1978777,8.14717,42390,36042,0.850248,0.817736,0.791517,0.7669,0.743068,0.720202,0.695872,0.671616,0.648329,0.623964
159,244426,1991274,8.14674,42660,36267,0.850141,0.817673,0.791472,0.766838,0.743035,0.720172,0.695849,0.671595,0.648292,0.623934
160,245973,2003934,8.14697,42930,36499,0.850198,0.817769,0.791491,0.766823,0.743038,0.720162,0.695832,0.671593,0.648281,0.623939
161,247520,2016848,8.14822,43200,36739,0.85044,0.81783,0.791573,0.76686,0.743112,0.720254,0.695905,0.671656,0.648364,0.624017
162,249067,2029667,8.14908,43470,36968,0.850426,0.817792,0.791578,0.766921,0.743234,0.72035,0.695988,0.671754,0.648469,0.624096
163,250614,2042344,8.14936,43740,37185,0.850137,0.817688,0.791546,0.76691,0.74324,0.720365,0.696014,0.671793,0.648508,0.624149
164,252161,2055000,8.14956,44010,37406,0.849943,0.817538,0.791444,0.766826,0.743236,0.72031,0.695964,0.671794,0.648521,0.624165
165,253708,2067684,8.14986,44280,37631,0.849842,0.817526,0.791512,0.766776,0.743158,0.720255,0.695959,0.671776,0.6485,0.624161
166,255255,2080625,8.15116,44550,37873,0.850123,0.817675,0.79155,0.766846,0.743202,0.720343,0.696039,0.671828,0.648566,0.624246
167,256802,2093383,8.15174,44820,38102,0.850112,0.817623,0.791466,0.766836,0.743144,0.720329,0.695993,0.67183,0.648591,0.624264
168,258349,2106064,8.15201,45090,38335,0.850189,0.817651,0.791468,0.766826,0.743129,0.720337,0.69602,0.671872,0.648638,0.624318
169,259896,2118528,8.15145,45360,38556,0.85,0.817726,0.791502,0.766875,0.743147,0.720301,0.695964,0.671836,0.648598,0.624282
170,261443,2131063,8.15116,45630,38779,0.849858,0.817573,0.791396,0.766774,0.743072,0.720229,0.695894,0.671773,0.64853,0.624216
171,262990,2143561,8.15073,45900,39002,0.849717,0.817491,0.791359,0.766753,0.742984,0.720206,0.695882,0.671749,0.648517,0.624205
172,264537,2156309,8.15126,46170,39231,0.849708,0.817317,0.7912,0.76662,0.74296,0.720192,0.695896,0.671776,0.648549,0.624243
173,266084,2168913,8.15123,46440,39460,0.849699,0.817292,0.791164,0.766674,0.743035,0.720258,0.695964,0.671821,0.648572,0.624255
174,267631,2181661,8.15175,46710,39699,0.849904,0.817352,0.791171,0.766692,0.743074,0.720319,0.696003,0.671847,0.648575,0.624259
175,269178,2194166,8.15136,46980,39932,0.849979,0.817517,0.791194,0.766681,0.743069,0.720342,0.69602,0.671865,0.648605,0.624295
176,270725,2207044,8.15235,47250,40166,0.850074,0.817628,0.791305,0.766749,0.743174,0.720444,0.696089,0.671929,0.648663,0.624338
177,272272,2219770,8.15277,47520,40402,0.85021,0.817647,0.791343,0.766782,0.743251,0.720491,0.696162,0.671994,0.648694,0.624372
178,273819,2232504,8.15321,47790,40627,0.850115,0.817613,0.791387,0.766822,0.743309,0.720558,0.696245,0.672063,0.648763,0.624414
179,275366,2244723,8.15178,48060,40870,0.850395,0.817662,0.791378,0.766783,0.743291,0.720554,0.69622,0.672023,0.648719,0.624371
180,276913,2257115,8.15099,48330,41101,0.850424,0.817799,0.791433,0.766797,0.743305,0.720516,0.696164,0.671951,0.648646,0.62429
181,278460,2269860,8.15148,48600,41334,0.850494,0.817823,0.791491,0.766822,0.743329,0.720512,0.696138,0.671936,0.648629,0.624282
182,280007,2282380,8.15115,48870,41550,0.850215,0.817826,0.791515,0.766841,0.74335,0.720512,0.69615,0.67194,0.648638,0.624287
183,281554,2295115,8.1516,49140,41790,0.850427,0.817902,0.791568,0.766956,0.743488,0.720606,0.696224,0.672015,0.648721,0.624355
184,283101,2307519,8.15087,49410,42019,0.850415,0.817628,0.79144,0.766885,0.743424,0.720506,0.696124,0.671938,0.648647,0.624282
185,284648,2320076,8.15068,49680,42249,0.850423,0.81774,0.791574,0.766917,0.743413,0.720514,0.696125,0.67193,0.648644,0.624298
186,286195,2332756,8.15093,49950,42490,0.850651,0.817643,0.791575,0.766933,0.743467,0.720565,0.696156,0.671955,0.648664,0.624311
187,287742,2345440,8.15119,50220,42715,0.850558,0.817596,0.791507,0.766868,0.743429,0.720558,0.69614,0.671966,0.648681,0.624315
188,289289,2358233,8.15182,50490,42950,0.850663,0.817721,0.791613,0.766955,0.743473,0.720599,0.696182,0.671998,0.648718,0.624345
189,290836,2370854,8.15186,50760,43176,0.850591,0.817724,0.791542,0.766994,0.743548,0.720624,0.696205,0.672018,0.648707,0.624352
190,292383,2383397,8.15163,51030,43417,0.850813,0.81772,0.791636,0.766987,0.743569,0.720651,0.696194,0.672028,0.648721,0.624376
191,293930,2396239,8.15241,51300,43652,0.850916,0.817786,0.791775,0.767054,0.743621,0.720702,0.696286,0.672108,0.648797,0.624449
192,295477,2408918,8.15264,51570,43895,0.851173,0.817823,0.7918,0.766974,0.7436,0.720674,0.696275,0.672088,0.648786,0.624465
193,297024,2421307,8.15189,51840,44121,0.8511,0.817653,0.791688,0.766884,0.743536,0.720638,0.696221,0.67201,0.648721,0.624417
194,298571,2434144,8.15265,52110,44367,0.85141,0.817753,0.791741,0.766919,0.743615,0.720675,0.696251,0.67203,0.648748,0.624446
195,300118,2446769,8.15269,52380,44599,0.851451,0.817906,0.79188,0.766979,0.743667,0.720703,0.696262,0.672029,0.648751,0.624444
196,301665,2459551,8.15325,52650,44822,0.85132,0.81784,0.791793,0.766983,0.743667,0.720719,0.6963,0.672087,0.648793,0.624485
197,303212,2472228,8.15346,52920,45046,0.851209,0.817802,0.791793,0.766972,0.74366,0.720701,0.696325,0.672117,0.64881,0.624498
198,304759,2484787,8.15329,53190,45282,0.851325,0.817784,0.791752,0.766875,0.743564,0.720618,0.69626,0.672057,0.648754,0.624448
199,306306,2497440,8.15342,53460,45510,0.851291,0.8177,0.79166,0.766845,0.743559,0.720599,0.696241,0.672063,0.648766,0.624451
200,307853,2510152,8.15374,53730,45742,0.851331,0.817689,0.791583,0.766787,0.743509,0.720553,0.69621,0.672015,0.648733,0.624435
201,309400,2522730,8.15362,54000,45973,0.851352,0.817745,0.791567,0.766727,0.743465,0.720516,0.696193,0.671992,0.648713,0.624425
202,310947,2535448,8.15396,54270,46210,0.851483,0.817715,0.791585,0.766763,0.743465,0.720524,0.696202,0.672002,0.648736,0.624448
203,312494,2547998,8.15375,54540,46444,0.851558,0.817823,0.791712,0.766856,0.743557,0.720572,0.696244,0.672033,0.648766,0.624467
204,314041,2560593,8.15369,54810,46656,0.851232,0.817747,0.791686,0.766815,0.743505,0.720521,0.696193,0.671997,0.648741,0.624447
205,315588,2573116,8.1534,55080,46891,0.851325,0.817711,0.79164,0.766781,0.743488,0.720528,0.696225,0.67203,0.648771,0.62447
206,317135,2585801,8.15363,55350,47127,0.851436,0.817888,0.791703,0.766818,0.743481,0.720544,0.696246,0.672027,0.648771,0.624466
207,318682,2598469,8.1538,55620,47353,0.851366,0.817832,0.791681,0.766784,0.743453,0.720523,0.696235,0.672014,0.648756,0.624446
208,320229,2611087,8.15381,55890,47586,0.851422,0.817969,0.791753,0.766846,0.743501,0.720571,0.696283,0.672026,0.648769,0.624465
209,321776,2623578,8.15343,56160,47818,0.85146,0.817952,0.791847,0.766897,0.743531,0.720574,0.696253,0.671992,0.648743,0.624436
210,323323,2636264,8.15365,56430,48057,0.851621,0.818163,0.792043,0.767023,0.743591,0.720624,0.696272,0.672011,0.648743,0.62443
211,324870,2648887,8.15368,56700,48291,0.851693,0.81817,0.792058,0.767045,0.743643,0.720677,0.696302,0.67204,0.648775,0.624459
212,326417,2661384,8.15333,56970,48520,0.851676,0.818126,0.792063,0.767091,0.743641,0.720681,0.696305,0.672041,0.64877,0.624455
213,327964,2674077,8.15357,57240,48747,0.851625,0.818146,0.792154,0.76713,0.743717,0.720739,0.696359,0.672082,0.6488,0.624478
214,329511,2686754,8.15376,57510,48981,0.851695,0.81819,0.792222,0.767197,0.7438,0.720813,0.696427,0.672137,0.648839,0.624498
215,331058,2699371,8.15377,57780,49206,0.85161,0.818141,0.792179,0.767175,0.743767,0.720769,0.696406,0.672114,0.64882,0.624503
216,332605,2711762,8.1531,58050,49439,0.851662,0.818148,0.792139,0.767187,0.743806,0.720783,0.696422,0.67211,0.648802,0.624482
217,334152,2724390,8.15315,58320,49665,0.851595,0.818087,0.792163,0.76719,0.743831,0.720804,0.696435,0.672118,0.648814,0.624506
218,335699,2736781,8.15248,58590,49892,0.851545,0.818131,0.792214,0.767196,0.743833,0.720819,0.69646,0.672151,0.64883,0.624517
219,337246,2749883,8.15394,58860,50127,0.851631,0.818272,0.792286,0.767271,0.743899,0.720907,0.696538,0.672246,0.648927,0.624628
220,338793,2762487,8.15391,59130,50361,0.8517,0.818284,0.792228,0.767246,0.743889,0.720895,0.696539,0.672231,0.648923,0.624629
221,340340,2774989,8.15358,59400,50588,0.85165,0.818236,0.792248,0.767195,0.743857,0.720886,0.696529,0.672214,0.648914,0.624619
222,341887,2787655,8.15373,59670,50821,0.851701,0.818266,0.792252,0.76721,0.74385,0.720901,0.696563,0.672256,0.648941,0.624658
223,343434,2800350,8.15397,59940,51053,0.851735,0.818267,0.792289,0.767235,0.743891,0.720963,0.696621,0.672297,0.648961,0.62468
224,344981,2812774,8.15342,60210,51280,0.851686,0.818249,0.792278,0.767264,0.743869,0.720936,0.696601,0.672266,0.648936,0.62465
225,346528,2825155,8.15275,60480,51502,0.851554,0.818143,0.792137,0.767129,0.74377,0.720847,0.696545,0.672198,0.648875,0.624608
226,348075,2837618,8.15232,60750,51736,0.851621,0.818208,0.792198,0.76717,0.743802,0.720853,0.696549,0.672223,0.648881,0.62461
227,349622,2850249,8.15237,61020,51977,0.851803,0.818261,0.792226,0.767203,0.743812,0.720877,0.696565,0.672235,0.648884,0.624612
228,351169,2862889,8.15245,61290,52198,0.851656,0.818156,0.79212,0.76711,0.74372,0.720805,0.696521,0.672195,0.648866,0.624586
229,352716,2875208,8.15162,61560,52427,0.851641,0.818174,0.79206,0.767027,0.743653,0.720713,0.696414,0.6721,0.648778,0.624487
230,354263,2887682,8.15124,61830,52641,0.851383,0.818094,0.792006,0.767004,0.743643,0.720705,0.696427,0.67213,0.648795,0.624504
231,355810,2899860,8.15002,62100,52874,0.851433,0.818129,0.791972,0.766973,0.74359,0.720644,0.696363,0.672057,0.648716,0.624426
232,357357,2912496,8.1501,62370,53107,0.851483,0.818228,0.79205,0.767016,0.743641,0.720677,0.69638,0.672064,0.648718,0.624441
233,358904,2925317,8.15069,62640,53340,0.851533,0.818434,0.792139,0.767091,0.743715,0.720742,0.69646,0.672143,0.648795,0.624496
234,360451,2938331,8.15182,62910,53563,0.851423,0.818359,0.792175,0.767135,0.743773,0.720828,0.696547,0.672219,0.648863,0.624559
235,361998,2950838,8.15153,63180,53785,0.851298,0.818342,0.792153,0.767169,0.743806,0.720842,0.696558,0.672217,0.648844,0.62455
236,363545,2963599,8.15195,63450,54010,0.851221,0.818297,0.79218,0.76719,0.743839,0.720879,0.696618,0.672269,0.648895,0.62458
237,365092,2976268,8.1521,63720,54242,0.851255,0.81837,0.792239,0.767235,0.743863,0.720934,0.69664,0.672304,0.648925,0.624615
238,366639,2988901,8.15216,63990,54473,0.851274,0.818403,0.792328,0.767311,0.743924,0.720978,0.696687,0.672339,0.648948,0.624638
239,368186,3001791,8.15292,64260,54700,0.851229,0.818464,0.792382,0.767368,0.743976,0.721037,0.696738,0.672367,0.648978,0.624683
240,369733,3014234,8.15246,64530,54929,0.851216,0.818419,0.792312,0.767277,0.743893,0.720943,0.696655,0.672271,0.648899,0.624622
241,371280,3026360,8.15115,64800,55145,0.851003,0.818319,0.792183,0.767233,0.743842,0.720859,0.696574,0.672204,0.648819,0.624534
242,372827,3038870,8.15088,65070,55373,0.850976,0.818363,0.792148,0.767192,0.743805,0.720832,0.696551,0.672186,0.64879,0.624498
243,374374,3051750,8.15161,65340,55605,0.85101,0.818434,0.792208,0.767269,0.743895,0.720896,0.696623,0.672265,0.648874,0.624575
244,375921,3064005,8.15066,65610,55829,0.850922,0.81827,0.792128,0.767253,0.743867,0.72084,0.696564,0.672204,0.648807,0.624506
245,377468,3076437,8.15019,65880,56062,0.850971,0.818308,0.792099,0.767224,0.74385,0.720821,0.696532,0.672179,0.648791,0.624479
246,379015,3088633,8.1491,66150,56283,0.850839,0.8182,0.79198,0.767103,0.743751,0.720735,0.69645,0.672093,0.648698,0.6244
247,380562,3101360,8.14942,66420,56507,0.850753,0.818259,0.791987,0.767132,0.743756,0.720721,0.696425,0.672097,0.64871,0.624419
248,382109,3114039,8.14961,66690,56743,0.850847,0.818361,0.792019,0.767138,0.743777,0.720741,0.696434,0.672096,0.648713,0.624423
249,383656,3126819,8.15006,66960,56965,0.850732,0.818308,0.792004,0.767167,0.743788,0.720756,0.696448,0.672129,0.648746,0.62446
250,385203,3139108,8.14923,67230,57186,0.850602,0.818185,0.791893,0.767074,0.743704,0.720688,0.696394,0.672079,0.648699,0.624416
251,386750,3151874,8.14964,67500,57418,0.850637,0.818122,0.791863,0.767047,0.743693,0.720668,0.696386,0.672077,0.648717,0.624439
252,388297,3164379,8.14938,67770,57655,0.850745,0.818149,0.791894,0.766995,0.743644,0.72065,0.696351,0.672036,0.648686,0.624415
253,389844,3176925,8.14922,68040,57886,0.850764,0.818192,0.791918,0.767003,0.743643,0.720652,0.696364,0.672049,0.648709,0.624417
254,391391,3189496,8.14913,68310,58110,0.850681,0.818098,0.791851,0.766964,0.743609,0.720616,0.696334,0.672023,0.648677,0.624402
255,392938,3202255,8.14952,68580,58339,0.850671,0.818188,0.791888,0.766976,0.74363,0.720644,0.696373,0.672067,0.648714,0.62443
256,394485,3214910,8.14964,68850,58571,0.850704,0.818167,0.791877,0.766965,0.743609,0.720618,0.696395,0.672089,0.648737,0.624453
257,396032,3227388,8.14931,69120,58797,0.850651,0.818054,0.791805,0.766902,0.74355,0.72059,0.696363,0.672055,0.648702,0.624426
258,397579,3240377,8.15027,69390,59033,0.850742,0.81807,0.791818,0.766964,0.743593,0.720652,0.696423,0.672123,0.648761,0.624479
259,399126,3252984,8.15027,69660,59271,0.850861,0.818174,0.791897,0.767003,0.743642,0.720693,0.696452,0.672139,0.648771,0.624483
260,400673,3265610,8.15031,69930,59507,0.850951,0.818169,0.791948,0.767017,0.74368,0.720729,0.696473,0.672156,0.648785,0.624501
261,402220,3278129,8.15009,70200,59742,0.851026,0.818226,0.79194,0.767033,0.743663,0.720725,0.696473,0.672148,0.648773,0.624485
262,403767,3290997,8.15073,70470,59972,0.851029,0.818272,0.792042,0.767119,0.743743,0.720797,0.696535,0.672212,0.648827,0.624526
263,405314,3303648,8.15084,70740,60197,0.850961,0.818211,0.792028,0.767117,0.743763,0.720818,0.696584,0.67226,0.648879,0.624576
264,406861,3315986,8.15017,71010,60421,0.85088,0.818126,0.791953,0.767009,0.743678,0.72074,0.69652,0.672202,0.648835,0.624531
265,408408,3328609,8.15021,71280,60651,0.850884,0.818101,0.791876,0.766966,0.743645,0.720726,0.696499,0.672169,0.648807,0.624513
266,409955,3341346,8.15052,71550,60884,0.850929,0.818172,0.791863,0.766983,0.743641,0.720736,0.69652,0.672182,0.648815,0.624528
267,411502,3353952,8.15051,71820,61111,0.850891,0.818248,0.791911,0.766985,0.743629,0.720729,0.696513,0.672198,0.648822,0.624536
268,413049,3366446,8.15023,72090,61345,0.85095,0.818322,0.79194,0.767004,0.743604,0.720688,0.696483,0.672186,0.648811,0.624529
269,414596,3379089,8.15032,72360,61563,0.850788,0.818139,0.791852,0.766943,0.743552,0.720636,0.696434,0.672146,0.648766,0.624487
270,416143,3391715,8.15036,72630,61799,0.850874,0.818066,0.791786,0.766896,0.743498,0.720611,0.696399,0.672116,0.648754,0.624477
271,417690,3404036,8.14967,72900,62020,0.850754,0.817924,0.791734,0.766857,0.743452,0.720568,0.696356,0.672077,0.648709,0.624431
272,419237,3416543,8.14943,73170,62246,0.850704,0.817926,0.791719,0.766868,0.743485,0.720579,0.696353,0.672069,0.648705,0.624415
273,420784,3429399,8.15002,73440,62472,0.850654,0.817956,0.791772,0.766921,0.743523,0.720615,0.696391,0.672111,0.648743,0.624463
274,422331,3442034,8.15009,73710,62700,0.850631,0.817948,0.791754,0.7669,0.743501,0.720616,0.696385,0.672126,0.648746,0.624466
275,423878,3454520,8.1498,73980,62924,0.850554,0.817901,0.791737,0.766834,0.743439,0.720568,0.696311,0.672073,0.648699,0.624421
276,425425,3466991,8.14948,74250,63155,0.850572,0.817854,0.79172,0.76686,0.743484,0.720603,0.69636,0.672124,0.648737,0.624457
277,426972,3479592,8.14946,74520,63389,0.850631,0.817913,0.791764,0.766859,0.743463,0.720593,0.696376,0.672131,0.648746,0.624468
278,428519,3492168,8.14939,74790,63623,0.850689,0.817972,0.791806,0.76685,0.743422,0.720547,0.696355,0.672124,0.648732,0.624448
279,430066,3504777,8.14939,75060,63851,0.850666,0.817906,0.79176,0.766821,0.743402,0.720526,0.696328,0.6721,0.648704,0.62442
280,431613,3517154,8.14886,75330,64078,0.850631,0.817898,0.791678,0.766754,0.743306,0.720449,0.696255,0.672052,0.648667,0.624384
281,433160,3529779,8.1489,75600,64304,0.850582,0.817942,0.791721,0.766764,0.743288,0.720438,0.69624,0.672043,0.648657,0.624378
282,434707,3541994,8.148,75870,64530,0.850534,0.817958,0.791702,0.766751,0.74326,0.720416,0.696191,0.671989,0.648613,0.62434
283,436254,3554566,8.14793,76140,64763,0.850578,0.817973,0.791734,0.766778,0.743286,0.720405,0.696178,0.671983,0.648594,0.624318
284,437801,3567212,8.14802,76410,65010,0.850805,0.818106,0.791822,0.766845,0.743329,0.72043,0.696208,0.672014,0.648626,0.624345
285,439348,3580166,8.14882,76680,65247,0.8509,0.818209,0.79186,0.766877,0.743366,0.720477,0.696255,0.672056,0.648675,0.624386
286,440895,3592717,8.14869,76950,65483,0.850981,0.818242,0.79189,0.766859,0.743355,0.720457,0.696237,0.672034,0.64865,0.624365
287,442442,3605615,8.14935,77220,65710,0.850945,0.818247,0.791812,0.76684,0.743357,0.720465,0.696246,0.672047,0.648665,0.624393
288,443989,3618199,8.1493,77490,65932,0.850845,0.818265,0.79188,0.766866,0.743401,0.72048,0.696267,0.672063,0.648688,0.624414
289,445536,3630898,8.14951,77760,66171,0.850965,0.818344,0.79191,0.766891,0.74341,0.720473,0.69625,0.672061,0.648696,0.624437
290,447083,3643374,8.14921,78030,66393,0.850865,0.818234,0.791828,0.766856,0.743407,0.72046,0.696239,0.672052,0.648684,0.624423
291,448630,3656043,8.14935,78300,66629,0.850945,0.818275,0.791867,0.766908,0.743447,0.720496,0.696269,0.67208,0.648698,0.624429
292,450177,3668569,8.14917,78570,66863,0.850999,0.818348,0.791899,0.766916,0.743448,0.72053,0.696297,0.672089,0.648699,0.624419
293,451724,3681576,8.15006,78840,67107,0.85118,0.818489,0.791987,0.766968,0.743489,0.720567,0.696353,0.672138,0.648739,0.624468
294,453271,3694220,8.15014,79110,67327,0.851055,0.818361,0.791917,0.766945,0.743468,0.720554,0.696342,0.67213,0.648735,0.624472
295,454818,3706599,8.14963,79380,67556,0.851046,0.818388,0.791903,0.766947,0.743442,0.720533,0.696336,0.672126,0.648718,0.624455
296,456365,3719378,8.15001,79650,67784,0.851023,0.818496,0.792003,0.76701,0.743487,0.720572,0.696387,0.672167,0.64875,0.624487
297,457912,3731780,8.14956,79920,68013,0.851014,0.818464,0.792,0.767001,0.743483,0.720555,0.69636,0.672142,0.648717,0.624455
298,459459,3744334,8.14944,80190,68240,0.850979,0.818374,0.791988,0.766957,0.743471,0.720533,0.696348,0.672127,0.648716,0.624447
299,461006,3756918,8.14939,80460,68462,0.850882,0.818329,0.791908,0.766958,0.743471,0.720521,0.696332,0.672117,0.648701,0.624443
300,462553,3768925,8.14809,80730,68688,0.850836,0.818258,0.791842,0.766867,0.743408,0.720459,0.696264,0.672056,0.648654,0.624377
